Dataset_id,cta_actinn,cta_actinn_best_yaml,cta_actinn_best_res,cta_actinn_run_stats,cta_singlecellnet,cta_singlecellnet_best_yaml,cta_singlecellnet_best_res,cta_singlecellnet_run_stats,cta_celltypist,cta_celltypist_best_yaml,cta_celltypist_best_res,cta_celltypist_run_stats,cta_scdeepsort,cta_scdeepsort_best_yaml,cta_scdeepsort_best_res,cta_scdeepsort_run_stats
e40c6272-af77-4a10-9385-62a398884f27,"step2:https://wandb.ai/xzy11632/dance-dev/sweeps/8izf00fq|step3:https://wandb.ai/xzy11632/dance-dev/sweeps/60jnxyqe,https://wandb.ai/xzy11632/dance-dev/sweeps/oi5dwmnr,https://wandb.ai/xzy11632/dance-dev/sweeps/omvup8nd","- type: filter.gene
  target: FilterGenesPlaceHolder
  params: {}
- type: normalize
  target: ScTransform
  params:
    processes_num: 8
- type: filter.gene
  target: FilterGenesNumberPlaceHolder
  params: {}
- type: feature.cell
  params:
    out: feature.cell
    log_level: INFO
    split_name: train
  target: WeightedFeaturePCA
- type: misc
  target: SetConfig
  params:
    config_dict:
      feature_channel: feature.cell
      label_channel: cell_type
",0.3941039443016052,all_total_runs:600|all_finished_runs:491|step2_total_runs:540|step2_finished_runs:450|step3_0_total_runs:20|step3_0_finished_runs:1|step3_1_total_runs:20|step3_1_finished_runs:20|step3_2_total_runs:20|step3_2_finished_runs:20|finished_rate:81.83%|need_to_check:False,"step2:https://wandb.ai/xzy11632/dance-dev/sweeps/lydev3fk|step3:https://wandb.ai/xzy11632/dance-dev/sweeps/q4cn3mtb,https://wandb.ai/xzy11632/dance-dev/sweeps/3rx39oxw,https://wandb.ai/xzy11632/dance-dev/sweeps/xhgs2c15","- type: filter.gene
  target: FilterGenesPercentile
  params:
    min_val: 10
    max_val: 99
    mode: cv
- type: normalize
  target: ScaleFeature
  params:
    mode: l2
    eps: 0.7
- type: filter.gene
  target: FilterGenesNumberPlaceHolder
- type: feature.cell
  target: SCNFeature
- type: misc
  target: SetConfig
  params:
    config_dict:
      feature_channel: SCNFeature
      label_channel: cell_type
",0.3840186190845617,all_total_runs:150|all_finished_runs:92|step2_total_runs:90|step2_finished_runs:58|step3_0_total_runs:20|step3_0_finished_runs:4|step3_1_total_runs:20|step3_1_finished_runs:19|step3_2_total_runs:20|step3_2_finished_runs:11|finished_rate:61.33%,"step2:https://wandb.ai/xzy11632/dance-dev/sweeps/o6y5gglv|step3:https://wandb.ai/xzy11632/dance-dev/sweeps/7g1mezgk,https://wandb.ai/xzy11632/dance-dev/sweeps/rqw2mq80,https://wandb.ai/xzy11632/dance-dev/sweeps/h31q7gkk","- type: filter.gene
  target: FilterGenesPercentile
  params: {}
- type: normalize
  target: ScTransform
  params:
    processes_num: 8
- type: filter.gene
  target: HighlyVariableGenesLogarithmizedByTopGenes
  params:
    n_top_genes: 3000
- type: feature.cell
  params:
    out: feature.cell
    log_level: INFO
  target: FeatureCellPlaceHolder
- type: misc
  target: SetConfig
  params:
    config_dict:
      feature_channel: feature.cell
      label_channel: cell_type
",0.350659430027008,all_total_runs:476|all_finished_runs:359|step2_total_runs:450|step2_finished_runs:359|step3_0_total_runs:3|step3_0_finished_runs:0|step3_1_total_runs:20|step3_1_finished_runs:0|step3_2_total_runs:3|step3_2_finished_runs:0|finished_rate:75.42%|need_to_check:False,"step2:https://wandb.ai/xzy11632/dance-dev/sweeps/2ygbd0g1|step3:https://wandb.ai/xzy11632/dance-dev/sweeps/wa5xd2jo,https://wandb.ai/xzy11632/dance-dev/sweeps/njbvga25,https://wandb.ai/xzy11632/dance-dev/sweeps/1ueyprxc","- type: filter.gene
  target: FilterGenesScanpyOrder
  params:
    order:
    - max_counts
    - max_cells
    - min_counts
    - min_cells
    min_counts: 329
    min_cells: 0.006752469050480836
    max_counts: 0.9772984468022424
    max_cells: 0.97184145489983
- type: normalize
  target: Log1P
  params:
    base: 1.6360071938209937
- type: filter.gene
  target: HighlyVariableGenesLogarithmizedByTopGenes
  params:
    n_top_genes: 3958
    n_bins: 13
    flavor: seurat
- type: feature.cell
  target: WeightedFeaturePCA
  params:
    out: feature.cell
    log_level: INFO
    n_components: 500
    feat_norm_mode: minmax
- type: graph.cell
  target: CellFeatureGraph
  params:
    cell_feature_channel: feature.cell
- type: misc
  target: SetConfig
  params:
    config_dict:
      label_channel: cell_type
",0.3653995394706726,all_total_runs:196|all_finished_runs:125|step2_total_runs:150|step2_finished_runs:86|step3_0_total_runs:20|step3_0_finished_runs:19|step3_1_total_runs:6|step3_1_finished_runs:0|step3_2_total_runs:20|step3_2_finished_runs:20|finished_rate:63.78%|need_to_check:False
6a270451-b4d9-43e0-aa89-e33aac1ac74b,"step2:https://wandb.ai/xzy11632/dance-dev/sweeps/h9h46fsq|step3:https://wandb.ai/xzy11632/dance-dev/sweeps/fh35mitj,https://wandb.ai/xzy11632/dance-dev/sweeps/lzx18s0e,https://wandb.ai/xzy11632/dance-dev/sweeps/tvi3f3a1","- type: filter.gene
  target: FilterGenesScanpyOrder
  params:
    order:
    - min_counts
    - min_cells
    - max_cells
    - max_counts
    min_counts: 431
    min_cells: 0.09906132245998966
    max_counts: 0.923950882549364
    max_cells: 0.981253017438922
- type: normalize
  target: ScaleFeature
  params:
    mode: l2
    eps: 0.7
- type: filter.gene
  target: HighlyVariableGenesLogarithmizedByTopGenes
  params:
    n_top_genes: 2113
    n_bins: 15
    flavor: seurat
- type: feature.cell
  target: GaussRandProjFeature
  params:
    out: feature.cell
    log_level: INFO
    n_components: 885
- type: misc
  target: SetConfig
  params:
    config_dict:
      feature_channel: feature.cell
      label_channel: cell_type
",0.4375,all_total_runs:600|all_finished_runs:509|step2_total_runs:540|step2_finished_runs:449|step3_0_total_runs:20|step3_0_finished_runs:20|step3_1_total_runs:20|step3_1_finished_runs:20|step3_2_total_runs:20|step3_2_finished_runs:20|finished_rate:84.83%|need_to_check:False,"step2:https://wandb.ai/xzy11632/dance-dev/sweeps/2w7qh6m9|step3:https://wandb.ai/xzy11632/dance-dev/sweeps/orery7et,https://wandb.ai/xzy11632/dance-dev/sweeps/w60mlkdg,https://wandb.ai/xzy11632/dance-dev/sweeps/gmdyzho8","- type: filter.gene
  target: FilterGenesPlaceHolder
- type: normalize
  target: ScTransform
  params:
    processes_num: 8
    min_cells: 3
    gmean_eps: 1
    n_genes: 2584
    n_cells: null
    bin_size: 380
    bw_adjust: 4.122403001571971
- type: filter.gene
  target: HighlyVariableGenesLogarithmizedByTopGenes
  params:
    n_top_genes: 9393
    n_bins: 15
    flavor: cell_ranger
- type: feature.cell
  target: SCNFeature
- type: misc
  target: SetConfig
  params:
    config_dict:
      feature_channel: SCNFeature
      label_channel: cell_type
",0.4522058823529412,all_total_runs:150|all_finished_runs:98|step2_total_runs:90|step2_finished_runs:75|step3_0_total_runs:20|step3_0_finished_runs:0|step3_1_total_runs:20|step3_1_finished_runs:3|step3_2_total_runs:20|step3_2_finished_runs:20|finished_rate:65.33%,"step2:https://wandb.ai/xzy11632/dance-dev/sweeps/y7qskew9|step3:https://wandb.ai/xzy11632/dance-dev/sweeps/w5f3puka,https://wandb.ai/xzy11632/dance-dev/sweeps/ys90com4,https://wandb.ai/xzy11632/dance-dev/sweeps/xpfyrv5k","- type: filter.gene
  target: FilterGenesPlaceHolder
  params: {}
- type: normalize
  target: ScTransform
  params:
    processes_num: 8
- type: filter.gene
  target: FilterGenesTopK
  params:
    num_genes: 3000
- type: feature.cell
  params:
    out: feature.cell
    log_level: INFO
    split_name: train
  target: WeightedFeaturePCA
- type: misc
  target: SetConfig
  params:
    config_dict:
      feature_channel: feature.cell
      label_channel: cell_type
",0.4136029481887817,all_total_runs:493|all_finished_runs:400|step2_total_runs:450|step2_finished_runs:360|step3_0_total_runs:3|step3_0_finished_runs:0|step3_1_total_runs:20|step3_1_finished_runs:20|step3_2_total_runs:20|step3_2_finished_runs:20|finished_rate:81.14%|need_to_check:False,"step2:https://wandb.ai/xzy11632/dance-dev/sweeps/hpjhyj9q|step3:https://wandb.ai/xzy11632/dance-dev/sweeps/wyv5vmis,https://wandb.ai/xzy11632/dance-dev/sweeps/8qobi3e5,https://wandb.ai/xzy11632/dance-dev/sweeps/jkwnilze","- type: filter.gene
  target: FilterGenesScanpyOrder
  params:
    order:
    - max_counts
    - min_counts
    - min_cells
    - max_cells
    min_counts: 135
    min_cells: 0.0762385917181959
    max_counts: 0.9889394686374898
    max_cells: 0.9923759873179532
- type: normalize
  target: ScaleFeature
  params:
    mode: normalize
    eps: 0.7
- type: filter.gene
  target: HighlyVariableGenesRawCount
  params:
    n_top_genes: 4877
    span: 0.12580818609215275
- type: feature.cell
  target: WeightedFeatureSVD
  params:
    out: feature.cell
    log_level: INFO
    n_components: 996
    feat_norm_mode: l2
- type: graph.cell
  target: CellFeatureGraph
  params:
    cell_feature_channel: feature.cell
- type: misc
  target: SetConfig
  params:
    config_dict:
      label_channel: cell_type
",0.450367659330368,all_total_runs:196|all_finished_runs:157|step2_total_runs:150|step2_finished_runs:119|step3_0_total_runs:20|step3_0_finished_runs:18|step3_1_total_runs:6|step3_1_finished_runs:0|step3_2_total_runs:20|step3_2_finished_runs:20|finished_rate:80.10%|need_to_check:False
d6dfdef1-406d-4efb-808c-3c5eddbfe0cb,"step2:https://wandb.ai/xzy11632/dance-dev/sweeps/w4ju135u|step3:https://wandb.ai/xzy11632/dance-dev/sweeps/8plcumyk,https://wandb.ai/xzy11632/dance-dev/sweeps/67bwy8sx,https://wandb.ai/xzy11632/dance-dev/sweeps/ltrjfmqu","- type: filter.gene
  target: FilterGenesPlaceHolder
  params: {}
- type: normalize
  target: ScTransform
  params:
    processes_num: 8
- type: filter.gene
  target: HighlyVariableGenesLogarithmizedByTopGenes
  params:
    n_top_genes: 3000
- type: feature.cell
  params:
    out: feature.cell
    log_level: INFO
    split_name: train
  target: WeightedFeaturePCA
- type: misc
  target: SetConfig
  params:
    config_dict:
      feature_channel: feature.cell
      label_channel: cell_type
",0.580926775932312,all_total_runs:600|all_finished_runs:473|step2_total_runs:540|step2_finished_runs:450|step3_0_total_runs:20|step3_0_finished_runs:0|step3_1_total_runs:20|step3_1_finished_runs:3|step3_2_total_runs:20|step3_2_finished_runs:20|finished_rate:78.83%|need_to_check:False,"step2:https://wandb.ai/xzy11632/dance-dev/sweeps/f0izdcdt|step3:https://wandb.ai/xzy11632/dance-dev/sweeps/o3ltg9tj,https://wandb.ai/xzy11632/dance-dev/sweeps/0e7eq6xt,https://wandb.ai/xzy11632/dance-dev/sweeps/e2o04hcv","- type: filter.gene
  target: FilterGenesPlaceHolder
  params: {}
- type: normalize
  target: ScTransform
  params:
    processes_num: 8
- type: filter.gene
  target: HighlyVariableGenesRawCount
  params:
    n_top_genes: 3000
- type: feature.cell
  target: SCNFeature
- type: misc
  target: SetConfig
  params:
    config_dict:
      feature_channel: SCNFeature
      label_channel: cell_type
",0.5601074546675622,all_total_runs:150|all_finished_runs:77|step2_total_runs:90|step2_finished_runs:75|step3_0_total_runs:20|step3_0_finished_runs:0|step3_1_total_runs:20|step3_1_finished_runs:2|step3_2_total_runs:20|step3_2_finished_runs:0|finished_rate:51.33%,"step2:https://wandb.ai/xzy11632/dance-dev/sweeps/2efkko22|step3:https://wandb.ai/xzy11632/dance-dev/sweeps/5tshgz51,https://wandb.ai/xzy11632/dance-dev/sweeps/xj7266k8,https://wandb.ai/xzy11632/dance-dev/sweeps/hyob32ut","- type: filter.gene
  target: FilterGenesPercentile
  params:
    min_val: 4
    max_val: 99
    mode: var
- type: normalize
  target: ScTransform
  params:
    processes_num: 8
    min_cells: 1
    gmean_eps: 1
    n_genes: 2453
    n_cells: null
    bin_size: 401
    bw_adjust: 3.4304615240549303
- type: filter.gene
  target: FilterGenesTopK
  params:
    num_genes: 6303
    top: true
    mode: sum
- type: feature.cell
  target: FeatureCellPlaceHolder
  params:
    out: feature.cell
    log_level: INFO
- type: misc
  target: SetConfig
  params:
    config_dict:
      feature_channel: feature.cell
      label_channel: cell_type
",0.557421088218689,all_total_runs:493|all_finished_runs:362|step2_total_runs:450|step2_finished_runs:360|step3_0_total_runs:20|step3_0_finished_runs:0|step3_1_total_runs:3|step3_1_finished_runs:0|step3_2_total_runs:20|step3_2_finished_runs:2|finished_rate:73.43%|need_to_check:False,"step2:https://wandb.ai/xzy11632/dance-dev/sweeps/vim4nmzr|step3:https://wandb.ai/xzy11632/dance-dev/sweeps/6e9wzuj0,https://wandb.ai/xzy11632/dance-dev/sweeps/kgbu45l0,https://wandb.ai/xzy11632/dance-dev/sweeps/tummx684","- type: filter.gene
  target: FilterGenesPlaceHolder
  params: {}
- type: normalize
  target: Log1P
  params: {}
- type: filter.gene
  target: HighlyVariableGenesLogarithmizedByTopGenes
  params:
    n_top_genes: 3000
- type: feature.cell
  params:
    out: feature.cell
    log_level: INFO
    split_name: train
  target: WeightedFeatureSVD
- type: graph.cell
  target: CellFeatureGraph
  params:
    cell_feature_channel: feature.cell
- type: misc
  target: SetConfig
  params:
    config_dict:
      label_channel: cell_type
",0.5648086071014404,all_total_runs:168|all_finished_runs:75|step2_total_runs:150|step2_finished_runs:75|step3_0_total_runs:6|step3_0_finished_runs:0|step3_1_total_runs:6|step3_1_finished_runs:0|step3_2_total_runs:6|step3_2_finished_runs:0|finished_rate:44.64%|need_to_check:True
f7c1c579-2dc0-47e2-ba19-8165c5a0e353(Intestine),,,,,,,,,,,,,"step2:https://wandb.ai/xzy11632/dance-dev/sweeps/dedm26ib|step3:https://wandb.ai/xzy11632/dance-dev/sweeps/765195mr,https://wandb.ai/xzy11632/dance-dev/sweeps/4f58apli,https://wandb.ai/xzy11632/dance-dev/sweeps/fvoqt6jw","- type: filter.gene
  target: FilterGenesPercentile
  params:
    min_val: 7
    max_val: 96
    mode: cv
- type: normalize
  target: ScaleFeature
  params:
    mode: l2
    eps: 0.3
- type: filter.gene
  target: FilterGenesTopK
  params:
    num_genes: 8455
    top: false
    mode: cv
- type: feature.cell
  target: WeightedFeatureSVD
  params:
    out: feature.cell
    log_level: INFO
    n_components: 747
    feat_norm_mode: l2
- type: graph.cell
  target: CellFeatureGraph
  params:
    cell_feature_channel: feature.cell
- type: misc
  target: SetConfig
  params:
    config_dict:
      label_channel: cell_type
",0.4900000095367432,all_total_runs:210|all_finished_runs:166|step2_total_runs:150|step2_finished_runs:113|step3_0_total_runs:20|step3_0_finished_runs:14|step3_1_total_runs:20|step3_1_finished_runs:19|step3_2_total_runs:20|step3_2_finished_runs:20|finished_rate:79.05%|need_to_check:False
fa27492b-82ff-4ab7-ac61-0e2b184eee67(Intestine),,,,,,,,,,,,,"step2:https://wandb.ai/xzy11632/dance-dev/sweeps/n6knsnsf|step3:https://wandb.ai/xzy11632/dance-dev/sweeps/6opqehxd,https://wandb.ai/xzy11632/dance-dev/sweeps/2xlryh6l,https://wandb.ai/xzy11632/dance-dev/sweeps/lz3o81dv","- type: filter.gene
  target: FilterGenesPercentile
  params:
    min_val: 1
    max_val: 96
    mode: var
- type: normalize
  target: Log1P
  params:
    base: 3.4792913454298
- type: filter.gene
  target: FilterGenesRegression
  params:
    method: scmap
    num_genes: 7286
- type: feature.cell
  target: WeightedFeaturePCA
  params:
    out: feature.cell
    log_level: INFO
    n_components: 770
    feat_norm_mode: null
- type: graph.cell
  target: CellFeatureGraph
  params:
    cell_feature_channel: feature.cell
- type: misc
  target: SetConfig
  params:
    config_dict:
      label_channel: cell_type
",0.512499988079071,all_total_runs:196|all_finished_runs:147|step2_total_runs:150|step2_finished_runs:119|step3_0_total_runs:20|step3_0_finished_runs:13|step3_1_total_runs:20|step3_1_finished_runs:15|step3_2_total_runs:6|step3_2_finished_runs:0|finished_rate:75.00%|need_to_check:False
