Dataset_id,cta_actinn,cta_actinn_best_yaml,cta_actinn_best_res,cta_actinn_run_stats,cta_scdeepsort,cta_scdeepsort_best_yaml,cta_scdeepsort_best_res,cta_scdeepsort_run_stats,cta_celltypist,cta_celltypist_best_yaml,cta_celltypist_best_res,cta_celltypist_run_stats,cta_scdeepsort_check
78f10833-3e61-4fad-96c9-4bbd4f14bdfa,"step2:https://wandb.ai/xzy11632/dance-dev/sweeps/t544qsq4|step3:https://wandb.ai/xzy11632/dance-dev/sweeps/mdst6ozg,https://wandb.ai/xzy11632/dance-dev/sweeps/5wuust9u,https://wandb.ai/xzy11632/dance-dev/sweeps/0jz8lzw5","- type: filter.gene
  target: FilterGenesScanpyOrder
  params:
    order:
    - min_counts
    - min_cells
    - max_counts
    - max_cells
    min_counts: 0.01
    max_counts: 0.99
    min_cells: 0.01
    max_cells: 0.99
- type: normalize
  target: ScaleFeature
  params: {}
- type: filter.gene
  target: HighlyVariableGenesRawCount
  params:
    n_top_genes: 3000
- type: feature.cell
  params:
    out: feature.cell
    log_level: INFO
  target: GaussRandProjFeature
- type: misc
  target: SetConfig
  params:
    config_dict:
      feature_channel: feature.cell
      label_channel: cell_type
",1.0,all_total_runs:600|all_finished_runs:455|step2_total_runs:540|step2_finished_runs:415|step3_0_total_runs:20|step3_0_finished_runs:17|step3_1_total_runs:20|step3_1_finished_runs:12|step3_2_total_runs:20|step3_2_finished_runs:11|finished_rate:75.83%|need_to_check:False,"step2:https://wandb.ai/xzy11632/dance-dev/sweeps/ile10jfv|step3:https://wandb.ai/xzy11632/dance-dev/sweeps/8tfuwq6k,https://wandb.ai/xzy11632/dance-dev/sweeps/cwadf7td,https://wandb.ai/xzy11632/dance-dev/sweeps/6kx7b6kc","- type: filter.gene
  target: FilterGenesScanpyOrder
  params:
    order:
    - min_counts
    - min_cells
    - max_counts
    - max_cells
    min_counts: 0.01
    max_counts: 0.99
    min_cells: 0.01
    max_cells: 0.99
- type: normalize
  target: ScaleFeature
  params: {}
- type: filter.gene
  target: HighlyVariableGenesRawCount
  params:
    n_top_genes: 3000
- type: feature.cell
  params:
    out: feature.cell
    log_level: INFO
    split_name: train
  target: WeightedFeatureSVD
- type: graph.cell
  target: CellFeatureGraph
  params:
    cell_feature_channel: feature.cell
- type: misc
  target: SetConfig
  params:
    config_dict:
      label_channel: cell_type
",1.0,all_total_runs:210|all_finished_runs:163|step2_total_runs:150|step2_finished_runs:119|step3_0_total_runs:20|step3_0_finished_runs:20|step3_1_total_runs:20|step3_1_finished_runs:13|step3_2_total_runs:20|step3_2_finished_runs:11|finished_rate:77.62%,,,,,False
37b21763-7f0f-41ae-9001-60bad6e2841d,"step2:https://wandb.ai/xzy11632/dance-dev/sweeps/nflips6b|step3:https://wandb.ai/xzy11632/dance-dev/sweeps/k7q8z2pc,https://wandb.ai/xzy11632/dance-dev/sweeps/qcv9a0iw,https://wandb.ai/xzy11632/dance-dev/sweeps/252d5f2x","- type: filter.gene
  target: FilterGenesPlaceHolder
  params: {}
- type: normalize
  target: NormalizeTotal
  params: {}
- type: filter.gene
  target: FilterGenesTopK
  params:
    num_genes: 3000
- type: feature.cell
  params:
    out: feature.cell
    log_level: INFO
  target: GaussRandProjFeature
- type: misc
  target: SetConfig
  params:
    config_dict:
      feature_channel: feature.cell
      label_channel: cell_type
",0.328000009059906,all_total_runs:600|all_finished_runs:436|step2_total_runs:540|step2_finished_runs:376|step3_0_total_runs:20|step3_0_finished_runs:20|step3_1_total_runs:20|step3_1_finished_runs:20|step3_2_total_runs:20|step3_2_finished_runs:20|finished_rate:72.67%|need_to_check:False,"step2:https://wandb.ai/xzy11632/dance-dev/sweeps/ertfvv8w|step3:https://wandb.ai/xzy11632/dance-dev/sweeps/8r7518v2,https://wandb.ai/xzy11632/dance-dev/sweeps/hh8iu4b5,https://wandb.ai/xzy11632/dance-dev/sweeps/fd2zwr1f","- type: filter.gene
  target: FilterGenesPercentile
  params:
    min_val: 2
    max_val: 96
    mode: var
- type: normalize
  target: ScaleFeature
  params:
    mode: l2
    eps: 0.1
- type: filter.gene
  target: FilterGenesRegression
  params:
    method: seurat3
    num_genes: 2997
- type: feature.cell
  target: WeightedFeaturePCA
  params:
    out: feature.cell
    log_level: INFO
    n_components: 645
    feat_norm_mode: null
- type: graph.cell
  target: CellFeatureGraph
  params:
    cell_feature_channel: feature.cell
- type: misc
  target: SetConfig
  params:
    config_dict:
      label_channel: cell_type
",0.3165000081062317,all_total_runs:210|all_finished_runs:139|step2_total_runs:150|step2_finished_runs:104|step3_0_total_runs:20|step3_0_finished_runs:19|step3_1_total_runs:20|step3_1_finished_runs:9|step3_2_total_runs:20|step3_2_finished_runs:7|finished_rate:66.19%,"step2:https://wandb.ai/xzy11632/dance-dev/sweeps/njuwyfnv|step3:https://wandb.ai/xzy11632/dance-dev/sweeps/nrka7j9c,https://wandb.ai/xzy11632/dance-dev/sweeps/9a520ovb,https://wandb.ai/xzy11632/dance-dev/sweeps/enxkipmk","- type: filter.gene
  target: FilterGenesPercentile
  params:
    min_val: 1
    max_val: 95
    mode: sum
- type: normalize
  target: ScaleFeature
  params:
    mode: l2
    eps: 0.1
- type: filter.gene
  target: FilterGenesTopK
  params:
    num_genes: 9608
    top: false
    mode: var
- type: feature.cell
  target: WeightedFeaturePCA
  params:
    out: feature.cell
    log_level: INFO
    n_components: 137
    feat_norm_mode: null
- type: misc
  target: SetConfig
  params:
    config_dict:
      feature_channel: feature.cell
      label_channel: cell_type
",0.3160000145435333,all_total_runs:510|all_finished_runs:415|step2_total_runs:450|step2_finished_runs:355|step3_0_total_runs:20|step3_0_finished_runs:20|step3_1_total_runs:20|step3_1_finished_runs:20|step3_2_total_runs:20|step3_2_finished_runs:20|finished_rate:81.37%|need_to_check:False,False
9c4c8515-8f82-4c72-b0c6-f87647b00bbe,"step2:https://wandb.ai/xzy11632/dance-dev/sweeps/9wolfmyb|step3:https://wandb.ai/xzy11632/dance-dev/sweeps/9mvl5sx5,https://wandb.ai/xzy11632/dance-dev/sweeps/9fpnmpj0,https://wandb.ai/xzy11632/dance-dev/sweeps/ryu2aorc","- type: filter.gene
  target: FilterGenesScanpyOrder
  params:
    order:
    - min_counts
    - min_cells
    - max_counts
    - max_cells
    min_counts: 0.01
    max_counts: 0.99
    min_cells: 0.01
    max_cells: 0.99
- type: normalize
  target: ScaleFeature
  params: {}
- type: filter.gene
  target: HighlyVariableGenesRawCount
  params:
    n_top_genes: 3000
- type: feature.cell
  params:
    out: feature.cell
    log_level: INFO
    split_name: train
  target: WeightedFeatureSVD
- type: misc
  target: SetConfig
  params:
    config_dict:
      feature_channel: feature.cell
      label_channel: cell_type
",1.0,all_total_runs:586|all_finished_runs:451|step2_total_runs:540|step2_finished_runs:424|step3_0_total_runs:20|step3_0_finished_runs:14|step3_1_total_runs:20|step3_1_finished_runs:13|step3_2_total_runs:6|step3_2_finished_runs:0|finished_rate:76.96%|need_to_check:False,"step2:https://wandb.ai/xzy11632/dance-dev/sweeps/m45z81gy|step3:https://wandb.ai/xzy11632/dance-dev/sweeps/40zgwwd2,https://wandb.ai/xzy11632/dance-dev/sweeps/mrhq79ks,https://wandb.ai/xzy11632/dance-dev/sweeps/3k6f32vq","- type: filter.gene
  target: FilterGenesScanpyOrder
  params:
    order:
    - min_counts
    - min_cells
    - max_counts
    - max_cells
    min_counts: 0.01
    max_counts: 0.99
    min_cells: 0.01
    max_cells: 0.99
- type: normalize
  target: ScaleFeature
  params: {}
- type: filter.gene
  target: HighlyVariableGenesRawCount
  params:
    n_top_genes: 3000
- type: feature.cell
  params:
    out: feature.cell
    log_level: INFO
    split_name: train
  target: WeightedFeatureSVD
- type: graph.cell
  target: CellFeatureGraph
  params:
    cell_feature_channel: feature.cell
- type: misc
  target: SetConfig
  params:
    config_dict:
      label_channel: cell_type
",1.0,all_total_runs:210|all_finished_runs:133|step2_total_runs:150|step2_finished_runs:116|step3_0_total_runs:20|step3_0_finished_runs:2|step3_1_total_runs:20|step3_1_finished_runs:9|step3_2_total_runs:20|step3_2_finished_runs:6|finished_rate:63.33%,,,,,False
b07e5164-baf6-43d2-bdba-5a249d0da879,"step2:https://wandb.ai/xzy11632/dance-dev/sweeps/n58tiwn8|step3:https://wandb.ai/xzy11632/dance-dev/sweeps/uhkwcf89,https://wandb.ai/xzy11632/dance-dev/sweeps/ucmsvu93,https://wandb.ai/xzy11632/dance-dev/sweeps/ws9k52zd","- type: filter.gene
  target: FilterGenesPlaceHolder
  params: {}
- type: normalize
  target: ScaleFeature
  params: {}
- type: filter.gene
  target: FilterGenesNumberPlaceHolder
  params: {}
- type: feature.cell
  params:
    out: feature.cell
    log_level: INFO
  target: GaussRandProjFeature
- type: misc
  target: SetConfig
  params:
    config_dict:
      feature_channel: feature.cell
      label_channel: cell_type
",0.3920187652111053,all_total_runs:600|all_finished_runs:499|step2_total_runs:540|step2_finished_runs:440|step3_0_total_runs:20|step3_0_finished_runs:19|step3_1_total_runs:20|step3_1_finished_runs:20|step3_2_total_runs:20|step3_2_finished_runs:20|finished_rate:83.17%|need_to_check:False,"step2:https://wandb.ai/xzy11632/dance-dev/sweeps/acvxgobi|step3:https://wandb.ai/xzy11632/dance-dev/sweeps/367ly4lx,https://wandb.ai/xzy11632/dance-dev/sweeps/qyt8n1ye,https://wandb.ai/xzy11632/dance-dev/sweeps/yuvualyj","- type: filter.gene
  target: FilterGenesPlaceHolder
  params: {}
- type: normalize
  target: ScaleFeature
  params: {}
- type: filter.gene
  target: HighlyVariableGenesLogarithmizedByTopGenes
  params:
    n_top_genes: 3000
- type: feature.cell
  params:
    out: feature.cell
    log_level: INFO
    split_name: train
  target: WeightedFeatureSVD
- type: graph.cell
  target: CellFeatureGraph
  params:
    cell_feature_channel: feature.cell
- type: misc
  target: SetConfig
  params:
    config_dict:
      label_channel: cell_type
",0.38967135548591614,all_total_runs:210|all_finished_runs:129|step2_total_runs:150|step2_finished_runs:112|step3_0_total_runs:20|step3_0_finished_runs:2|step3_1_total_runs:20|step3_1_finished_runs:9|step3_2_total_runs:20|step3_2_finished_runs:6|finished_rate:61.43%,"step2:https://wandb.ai/xzy11632/dance-dev/sweeps/4y7bjr73|step3:https://wandb.ai/xzy11632/dance-dev/sweeps/2bftkn2f,https://wandb.ai/xzy11632/dance-dev/sweeps/6wksp40t,https://wandb.ai/xzy11632/dance-dev/sweeps/b0igv55h","- type: filter.gene
  target: FilterGenesPlaceHolder
  params: {}
- type: normalize
  target: ScaleFeature
  params: {}
- type: filter.gene
  target: FilterGenesRegression
  params:
    num_genes: 3000
- type: feature.cell
  params:
    out: feature.cell
    log_level: INFO
  target: FeatureCellPlaceHolder
- type: misc
  target: SetConfig
  params:
    config_dict:
      feature_channel: feature.cell
      label_channel: cell_type
",0.3849765360355377,all_total_runs:493|all_finished_runs:357|step2_total_runs:450|step2_finished_runs:319|step3_0_total_runs:20|step3_0_finished_runs:19|step3_1_total_runs:3|step3_1_finished_runs:0|step3_2_total_runs:20|step3_2_finished_runs:19|finished_rate:72.41%|need_to_check:False,False
3294d050-6eeb-4a00-b24c-71aacc9b777f,"step2:https://wandb.ai/xzy11632/dance-dev/sweeps/s0e382wf|step3:https://wandb.ai/xzy11632/dance-dev/sweeps/hemo1t7y,https://wandb.ai/xzy11632/dance-dev/sweeps/x2gofgl5,https://wandb.ai/xzy11632/dance-dev/sweeps/9cwz7pvl","- type: filter.gene
  target: FilterGenesPercentile
  params:
    min_val: 8
    max_val: 98
    mode: sum
- type: normalize
  target: Log1P
  params:
    base: 6.12335875625052
- type: filter.gene
  target: FilterGenesRegression
  params:
    method: seurat3
    num_genes: 8561
- type: feature.cell
  target: GaussRandProjFeature
  params:
    out: feature.cell
    log_level: INFO
    n_components: 909
- type: misc
  target: SetConfig
  params:
    config_dict:
      feature_channel: feature.cell
      label_channel: cell_type
",0.4634999930858612,all_total_runs:599|all_finished_runs:425|step2_total_runs:539|step2_finished_runs:367|step3_0_total_runs:20|step3_0_finished_runs:20|step3_1_total_runs:20|step3_1_finished_runs:19|step3_2_total_runs:20|step3_2_finished_runs:19|finished_rate:70.95%|need_to_check:False,"step2:https://wandb.ai/xzy11632/dance-dev/sweeps/rq1aqcks|step3:https://wandb.ai/xzy11632/dance-dev/sweeps/w7fykvmx,https://wandb.ai/xzy11632/dance-dev/sweeps/7zg7srym,https://wandb.ai/xzy11632/dance-dev/sweeps/qgcvp9vy","- type: filter.gene
  target: FilterGenesPercentile
  params: {}
- type: normalize
  target: ScaleFeature
  params: {}
- type: filter.gene
  target: HighlyVariableGenesRawCount
  params:
    n_top_genes: 3000
- type: feature.cell
  params:
    out: feature.cell
    log_level: INFO
    split_name: train
  target: WeightedFeaturePCA
- type: graph.cell
  target: CellFeatureGraph
  params:
    cell_feature_channel: feature.cell
- type: misc
  target: SetConfig
  params:
    config_dict:
      label_channel: cell_type
",0.47699999809265137,all_total_runs:193|all_finished_runs:114|step2_total_runs:150|step2_finished_runs:89|step3_0_total_runs:20|step3_0_finished_runs:5|step3_1_total_runs:3|step3_1_finished_runs:0|step3_2_total_runs:20|step3_2_finished_runs:20|finished_rate:59.07%,"step2:https://wandb.ai/xzy11632/dance-dev/sweeps/g85syyzg|step3:https://wandb.ai/xzy11632/dance-dev/sweeps/cdggwljw,https://wandb.ai/xzy11632/dance-dev/sweeps/natn1hgy,https://wandb.ai/xzy11632/dance-dev/sweeps/b0eefc5r","- type: filter.gene
  target: FilterGenesPercentile
  params: {}
- type: normalize
  target: ScTransform
  params:
    processes_num: 8
- type: filter.gene
  target: HighlyVariableGenesRawCount
  params:
    n_top_genes: 3000
- type: feature.cell
  params:
    out: feature.cell
    log_level: INFO
    split_name: train
  target: WeightedFeaturePCA
- type: misc
  target: SetConfig
  params:
    config_dict:
      feature_channel: feature.cell
      label_channel: cell_type
",0.4670000076293946,all_total_runs:510|all_finished_runs:363|step2_total_runs:450|step2_finished_runs:341|step3_0_total_runs:20|step3_0_finished_runs:0|step3_1_total_runs:20|step3_1_finished_runs:20|step3_2_total_runs:20|step3_2_finished_runs:2|finished_rate:71.18%|need_to_check:False,True
ff45e623-7f5f-46e3-b47d-56be0341f66b,"step2:https://wandb.ai/xzy11632/dance-dev/sweeps/lzckrtvs|step3:https://wandb.ai/xzy11632/dance-dev/sweeps/h108k8vo,https://wandb.ai/xzy11632/dance-dev/sweeps/yglgx70h,https://wandb.ai/xzy11632/dance-dev/sweeps/19oi9utb","- type: filter.gene
  target: FilterGenesScanpyOrder
  params:
    order:
    - min_counts
    - min_cells
    - max_counts
    - max_cells
    min_counts: 0.01
    max_counts: 0.99
    min_cells: 0.01
    max_cells: 0.99
- type: normalize
  target: ScaleFeature
  params: {}
- type: filter.gene
  target: HighlyVariableGenesRawCount
  params:
    n_top_genes: 3000
- type: feature.cell
  params:
    out: feature.cell
    log_level: INFO
    split_name: train
  target: WeightedFeatureSVD
- type: misc
  target: SetConfig
  params:
    config_dict:
      feature_channel: feature.cell
      label_channel: cell_type
",0.4135000109672546,all_total_runs:600|all_finished_runs:499|step2_total_runs:540|step2_finished_runs:442|step3_0_total_runs:20|step3_0_finished_runs:17|step3_1_total_runs:20|step3_1_finished_runs:20|step3_2_total_runs:20|step3_2_finished_runs:20|finished_rate:83.17%|need_to_check:False,"step2:https://wandb.ai/xzy11632/dance-dev/sweeps/xrzp33gj|step3:https://wandb.ai/xzy11632/dance-dev/sweeps/erm7pgbk,https://wandb.ai/xzy11632/dance-dev/sweeps/z5w6mxqq,https://wandb.ai/xzy11632/dance-dev/sweeps/6gwdbnnf","- type: filter.gene
  target: FilterGenesScanpyOrder
  params:
    order:
    - min_counts
    - min_cells
    - max_counts
    - max_cells
    min_counts: 0.01
    max_counts: 0.99
    min_cells: 0.01
    max_cells: 0.99
- type: normalize
  target: ScaleFeature
  params: {}
- type: filter.gene
  target: HighlyVariableGenesLogarithmizedByTopGenes
  params:
    n_top_genes: 3000
- type: feature.cell
  params:
    out: feature.cell
    log_level: INFO
    split_name: train
  target: WeightedFeaturePCA
- type: graph.cell
  target: CellFeatureGraph
  params:
    cell_feature_channel: feature.cell
- type: misc
  target: SetConfig
  params:
    config_dict:
      label_channel: cell_type
",0.4124999940395355,all_total_runs:210|all_finished_runs:114|step2_total_runs:150|step2_finished_runs:70|step3_0_total_runs:20|step3_0_finished_runs:12|step3_1_total_runs:20|step3_1_finished_runs:15|step3_2_total_runs:20|step3_2_finished_runs:17|finished_rate:54.29%,"step2:https://wandb.ai/xzy11632/dance-dev/sweeps/li0kaahk|step3:https://wandb.ai/xzy11632/dance-dev/sweeps/mftedu6f,https://wandb.ai/xzy11632/dance-dev/sweeps/05zma5yg,https://wandb.ai/xzy11632/dance-dev/sweeps/3a1vt11n","- type: filter.gene
  target: FilterGenesPlaceHolder
  params: {}
- type: normalize
  target: ScaleFeature
  params: {}
- type: filter.gene
  target: FilterGenesTopK
  params:
    num_genes: 3000
- type: feature.cell
  params:
    out: feature.cell
    log_level: INFO
    split_name: train
  target: WeightedFeatureSVD
- type: misc
  target: SetConfig
  params:
    config_dict:
      feature_channel: feature.cell
      label_channel: cell_type
",0.4115000069141388,all_total_runs:510|all_finished_runs:384|step2_total_runs:450|step2_finished_runs:325|step3_0_total_runs:20|step3_0_finished_runs:20|step3_1_total_runs:20|step3_1_finished_runs:20|step3_2_total_runs:20|step3_2_finished_runs:19|finished_rate:75.29%|need_to_check:False,True
66d15835-5dc8-4e96-b0eb-f48971cb65e8,"step2:https://wandb.ai/xzy11632/dance-dev/sweeps/5i2bqatn|step3:https://wandb.ai/xzy11632/dance-dev/sweeps/f3fnnke6,https://wandb.ai/xzy11632/dance-dev/sweeps/0nyyt1k7,https://wandb.ai/xzy11632/dance-dev/sweeps/oaa1e4hg","- type: filter.gene
  target: FilterGenesPercentile
  params: {}
- type: normalize
  target: ScaleFeature
  params: {}
- type: filter.gene
  target: FilterGenesNumberPlaceHolder
  params: {}
- type: feature.cell
  params:
    out: feature.cell
    log_level: INFO
  target: GaussRandProjFeature
- type: misc
  target: SetConfig
  params:
    config_dict:
      feature_channel: feature.cell
      label_channel: cell_type
",0.4420432150363922,all_total_runs:600|all_finished_runs:494|step2_total_runs:540|step2_finished_runs:434|step3_0_total_runs:20|step3_0_finished_runs:20|step3_1_total_runs:20|step3_1_finished_runs:20|step3_2_total_runs:20|step3_2_finished_runs:20|finished_rate:82.33%|need_to_check:False,"step2:https://wandb.ai/xzy11632/dance-dev/sweeps/vqiycw97|step3:https://wandb.ai/xzy11632/dance-dev/sweeps/mqxn1w2x,https://wandb.ai/xzy11632/dance-dev/sweeps/7xrgbuws,https://wandb.ai/xzy11632/dance-dev/sweeps/rfy7mvau","- type: filter.gene
  target: FilterGenesScanpyOrder
  params:
    order:
    - min_counts
    - min_cells
    - max_counts
    - max_cells
    min_counts: 0.01
    max_counts: 0.99
    min_cells: 0.01
    max_cells: 0.99
- type: normalize
  target: ScTransform
  params:
    processes_num: 8
- type: filter.gene
  target: HighlyVariableGenesLogarithmizedByMeanAndDisp
  params: {}
- type: feature.cell
  params:
    out: feature.cell
    log_level: INFO
    split_name: train
  target: WeightedFeaturePCA
- type: graph.cell
  target: CellFeatureGraph
  params:
    cell_feature_channel: feature.cell
- type: misc
  target: SetConfig
  params:
    config_dict:
      label_channel: cell_type
",0.37721022963523865,all_total_runs:196|all_finished_runs:105|step2_total_runs:150|step2_finished_runs:66|step3_0_total_runs:6|step3_0_finished_runs:0|step3_1_total_runs:20|step3_1_finished_runs:20|step3_2_total_runs:20|step3_2_finished_runs:19|finished_rate:53.57%,"step2:https://wandb.ai/xzy11632/dance-dev/sweeps/p87lac44|step3:https://wandb.ai/xzy11632/dance-dev/sweeps/lfrx75bu,https://wandb.ai/xzy11632/dance-dev/sweeps/9dafryxc,https://wandb.ai/xzy11632/dance-dev/sweeps/yh7p9cq3","- type: filter.gene
  target: FilterGenesScanpyOrder
  params:
    order:
    - max_cells
    - min_cells
    - max_counts
    - min_counts
    min_counts: 436
    min_cells: 0.008052271855593807
    max_counts: 0.9724095836117284
    max_cells: 0.968847446724503
- type: normalize
  target: Log1P
  params:
    base: 5.483824101447068
- type: filter.gene
  target: FilterGenesTopK
  params:
    num_genes: 6222
    top: true
    mode: var
- type: feature.cell
  target: FeatureCellPlaceHolder
  params:
    out: feature.cell
    log_level: INFO
- type: misc
  target: SetConfig
  params:
    config_dict:
      feature_channel: feature.cell
      label_channel: cell_type
",0.3791748583316803,all_total_runs:493|all_finished_runs:344|step2_total_runs:450|step2_finished_runs:307|step3_0_total_runs:3|step3_0_finished_runs:0|step3_1_total_runs:20|step3_1_finished_runs:19|step3_2_total_runs:20|step3_2_finished_runs:18|finished_rate:69.78%|need_to_check:False,True
53d208b0-2cfd-4366-9866-c3c6114081bc(Pancreas),,,,,"step2:https://wandb.ai/xzy11632/dance-dev/sweeps/g7t7xwhn|step3:https://wandb.ai/xzy11632/dance-dev/sweeps/cf0x6364,https://wandb.ai/xzy11632/dance-dev/sweeps/ol212cn4,https://wandb.ai/xzy11632/dance-dev/sweeps/i688o13x","- type: filter.gene
  target: FilterGenesScanpyOrder
  params:
    order:
    - max_cells
    - min_cells
    - min_counts
    - max_counts
    min_counts: 482
    min_cells: 0.08359667621587258
    max_counts: 0.984260099671448
    max_cells: 0.9831967316325464
- type: normalize
  target: ScaleFeature
  params:
    mode: minmax
    eps: 0.1
- type: filter.gene
  target: HighlyVariableGenesRawCount
  params:
    n_top_genes: 4805
    span: 0.59331455825036
- type: feature.cell
  target: WeightedFeatureSVD
  params:
    out: feature.cell
    log_level: INFO
    n_components: 541
    feat_norm_mode: minmax
- type: graph.cell
  target: CellFeatureGraph
  params:
    cell_feature_channel: feature.cell
- type: misc
  target: SetConfig
  params:
    config_dict:
      label_channel: cell_type
",0.40299999713897705,all_total_runs:210|all_finished_runs:126|step2_total_runs:150|step2_finished_runs:99|step3_0_total_runs:20|step3_0_finished_runs:8|step3_1_total_runs:20|step3_1_finished_runs:10|step3_2_total_runs:20|step3_2_finished_runs:9|finished_rate:60.00%,,,,,False
f7c1c579-2dc0-47e2-ba19-8165c5a0e353(Pancreas),,,,,"step2:https://wandb.ai/xzy11632/dance-dev/sweeps/alp04n2p|step3:https://wandb.ai/xzy11632/dance-dev/sweeps/ki0b8xal,https://wandb.ai/xzy11632/dance-dev/sweeps/hzv5a32f,https://wandb.ai/xzy11632/dance-dev/sweeps/vvy7c4q9","- type: filter.gene
  target: FilterGenesPercentile
  params: {}
- type: normalize
  target: ScaleFeature
  params: {}
- type: filter.gene
  target: HighlyVariableGenesLogarithmizedByTopGenes
  params:
    n_top_genes: 3000
- type: feature.cell
  params:
    out: feature.cell
    log_level: INFO
    split_name: train
  target: WeightedFeatureSVD
- type: graph.cell
  target: CellFeatureGraph
  params:
    cell_feature_channel: feature.cell
- type: misc
  target: SetConfig
  params:
    config_dict:
      label_channel: cell_type
",0.25999999046325684,all_total_runs:210|all_finished_runs:121|step2_total_runs:150|step2_finished_runs:104|step3_0_total_runs:20|step3_0_finished_runs:7|step3_1_total_runs:20|step3_1_finished_runs:6|step3_2_total_runs:20|step3_2_finished_runs:4|finished_rate:57.62%,,,,,True
c5d88abe-f23a-45fa-a534-788985e93dad(Pancreas),,,,,"step2:https://wandb.ai/xzy11632/dance-dev/sweeps/9nfe3jei|step3:https://wandb.ai/xzy11632/dance-dev/sweeps/6v7hplqp,https://wandb.ai/xzy11632/dance-dev/sweeps/mt4za374,https://wandb.ai/xzy11632/dance-dev/sweeps/zzx2pq9v","- type: filter.gene
  target: FilterGenesScanpyOrder
  params:
    order:
    - min_counts
    - max_cells
    - min_cells
    - max_counts
    min_counts: 32
    min_cells: 0.0068989667478746575
    max_counts: 0.9204035632326032
    max_cells: 0.9697353117439718
- type: normalize
  target: ScaleFeature
  params:
    mode: minmax
    eps: 0.7
- type: filter.gene
  target: HighlyVariableGenesRawCount
  params:
    n_top_genes: 7785
    span: 0.21716427597527824
- type: feature.cell
  target: WeightedFeatureSVD
  params:
    out: feature.cell
    log_level: INFO
    n_components: 700
    feat_norm_mode: null
- type: graph.cell
  target: CellFeatureGraph
  params:
    cell_feature_channel: feature.cell
- type: misc
  target: SetConfig
  params:
    config_dict:
      label_channel: cell_type
",0.6612021923065186,all_total_runs:210|all_finished_runs:164|step2_total_runs:150|step2_finished_runs:108|step3_0_total_runs:20|step3_0_finished_runs:19|step3_1_total_runs:20|step3_1_finished_runs:19|step3_2_total_runs:20|step3_2_finished_runs:18|finished_rate:78.10%,,,,,False
a68b64d8-aee3-4947-81b7-36b8fe5a44d2(Pancreas),,,,,"step2:https://wandb.ai/xzy11632/dance-dev/sweeps/8n01i0az|step3:https://wandb.ai/xzy11632/dance-dev/sweeps/sckhppek,https://wandb.ai/xzy11632/dance-dev/sweeps/mnx13kpn,https://wandb.ai/xzy11632/dance-dev/sweeps/t0k7akxc","- type: filter.gene
  target: FilterGenesPlaceHolder
  params: {}
- type: normalize
  target: ScTransform
  params:
    processes_num: 8
- type: filter.gene
  target: FilterGenesTopK
  params:
    num_genes: 3000
- type: feature.cell
  params:
    out: feature.cell
    log_level: INFO
    split_name: train
  target: WeightedFeaturePCA
- type: graph.cell
  target: CellFeatureGraph
  params:
    cell_feature_channel: feature.cell
- type: misc
  target: SetConfig
  params:
    config_dict:
      label_channel: cell_type
",0.9090909361839294,all_total_runs:193|all_finished_runs:98|step2_total_runs:150|step2_finished_runs:62|step3_0_total_runs:3|step3_0_finished_runs:0|step3_1_total_runs:20|step3_1_finished_runs:16|step3_2_total_runs:20|step3_2_finished_runs:20|finished_rate:50.78%,,,,,True
5a11f879-d1ef-458a-910c-9b0bdfca5ebf(Pancreas),,,,,"step2:https://wandb.ai/xzy11632/dance-dev/sweeps/zqtpjc1h|step3:https://wandb.ai/xzy11632/dance-dev/sweeps/3o7b2xs0,https://wandb.ai/xzy11632/dance-dev/sweeps/6glysub4,https://wandb.ai/xzy11632/dance-dev/sweeps/htrki617","- type: filter.gene
  target: FilterGenesScanpyOrder
  params:
    order:
    - min_counts
    - min_cells
    - max_counts
    - max_cells
    min_counts: 0.01
    max_counts: 0.99
    min_cells: 0.01
    max_cells: 0.99
- type: normalize
  target: ScaleFeature
  params: {}
- type: filter.gene
  target: HighlyVariableGenesRawCount
  params:
    n_top_genes: 3000
- type: feature.cell
  params:
    out: feature.cell
    log_level: INFO
    split_name: train
  target: WeightedFeatureSVD
- type: graph.cell
  target: CellFeatureGraph
  params:
    cell_feature_channel: feature.cell
- type: misc
  target: SetConfig
  params:
    config_dict:
      label_channel: cell_type
",1.0,all_total_runs:210|all_finished_runs:109|step2_total_runs:150|step2_finished_runs:58|step3_0_total_runs:20|step3_0_finished_runs:17|step3_1_total_runs:20|step3_1_finished_runs:14|step3_2_total_runs:20|step3_2_finished_runs:20|finished_rate:51.90%,,,,,True
2adb1f8a-a6b1-4909-8ee8-484814e2d4bf(Pancreas),,,,,"step2:https://wandb.ai/xzy11632/dance-dev/sweeps/ghnlphpt|step3:https://wandb.ai/xzy11632/dance-dev/sweeps/qmwfsxt6,https://wandb.ai/xzy11632/dance-dev/sweeps/0bv97iz8,https://wandb.ai/xzy11632/dance-dev/sweeps/fhv7qkjx","- type: filter.gene
  target: FilterGenesScanpyOrder
  params:
    order:
    - min_counts
    - min_cells
    - max_counts
    - max_cells
    min_counts: 0.01
    max_counts: 0.99
    min_cells: 0.01
    max_cells: 0.99
- type: normalize
  target: ScaleFeature
  params: {}
- type: filter.gene
  target: HighlyVariableGenesRawCount
  params:
    n_top_genes: 3000
- type: feature.cell
  params:
    out: feature.cell
    log_level: INFO
    split_name: train
  target: WeightedFeatureSVD
- type: graph.cell
  target: CellFeatureGraph
  params:
    cell_feature_channel: feature.cell
- type: misc
  target: SetConfig
  params:
    config_dict:
      label_channel: cell_type
",0.273499995470047,all_total_runs:210|all_finished_runs:114|step2_total_runs:150|step2_finished_runs:87|step3_0_total_runs:20|step3_0_finished_runs:14|step3_1_total_runs:20|step3_1_finished_runs:2|step3_2_total_runs:20|step3_2_finished_runs:11|finished_rate:54.29%,,,,,True
97a17473-e2b1-4f31-a544-44a60773e2dd(Pancreas),,,,,"step2:https://wandb.ai/xzy11632/dance-dev/sweeps/5sc3ymja|step3:https://wandb.ai/xzy11632/dance-dev/sweeps/tzb3gq58,https://wandb.ai/xzy11632/dance-dev/sweeps/epie6vgv,https://wandb.ai/xzy11632/dance-dev/sweeps/w6gc0mfl","- type: filter.gene
  target: FilterGenesScanpyOrder
  params:
    order:
    - min_counts
    - min_cells
    - max_counts
    - max_cells
    min_counts: 0.01
    max_counts: 0.99
    min_cells: 0.01
    max_cells: 0.99
- type: normalize
  target: ScTransform
  params:
    processes_num: 8
- type: filter.gene
  target: FilterGenesRegression
  params:
    num_genes: 3000
- type: feature.cell
  params:
    out: feature.cell
    log_level: INFO
    split_name: train
  target: WeightedFeatureSVD
- type: graph.cell
  target: CellFeatureGraph
  params:
    cell_feature_channel: feature.cell
- type: misc
  target: SetConfig
  params:
    config_dict:
      label_channel: cell_type
",0.6768107414245605,all_total_runs:210|all_finished_runs:107|step2_total_runs:150|step2_finished_runs:94|step3_0_total_runs:20|step3_0_finished_runs:10|step3_1_total_runs:20|step3_1_finished_runs:3|step3_2_total_runs:20|step3_2_finished_runs:0|finished_rate:50.95%,,,,,True
