,Dataset_id,cta_scdeepsort,cta_scdeepsort_best_yaml,cta_scdeepsort_best_res
0,572f3f3e-d3e4-4d13-8e2b-88215e508481,"step2:https://wandb.ai/xzy11632/dance-dev/sweeps/gaurbw0r|step3:https://wandb.ai/xzy11632/dance-dev/sweeps/5luhlhr8,https://wandb.ai/xzy11632/dance-dev/sweeps/6cvflsss,https://wandb.ai/xzy11632/dance-dev/sweeps/tdxjnsvf","- type: filter.gene
  target: FilterGenesPlaceHolder
- type: normalize
  target: ColumnSumNormalize
  params:
    mode: l2
    eps: 0.5
- type: filter.gene
  target: FilterGenesTopK
  params:
    num_genes: 9960
    top: true
    mode: rv
- type: feature.cell
  target: WeightedFeaturePCA
  params:
    out: feature.cell
    log_level: INFO
    n_components: 280
    feat_norm_mode: normalize
- type: graph.cell
  target: CellFeatureGraph
  params:
    cell_feature_channel: feature.cell
- type: misc
  target: SetConfig
  params:
    config_dict:
      label_channel: cell_type
",0.4004999995231629
1,fa27492b-82ff-4ab7-ac61-0e2b184eee67,"step2:https://wandb.ai/xzy11632/dance-dev/sweeps/ypo5xler|step3:https://wandb.ai/xzy11632/dance-dev/sweeps/75anan67,https://wandb.ai/xzy11632/dance-dev/sweeps/js80dvkm,https://wandb.ai/xzy11632/dance-dev/sweeps/uqz1gvwh","- type: filter.gene
  target: FilterGenesScanpyOrder
  params:
    order:
    - min_counts
    - min_cells
    - max_counts
    - max_cells
    min_counts: 0.01
    max_counts: 0.99
    min_cells: 0.01
    max_cells: 0.99
- type: normalize
  target: Log1P
  params: {}
- type: filter.gene
  target: HighlyVariableGenesLogarithmizedByMeanAndDisp
  params: {}
- type: feature.cell
  params:
    out: feature.cell
    log_level: INFO
    split_name: train
  target: WeightedFeatureSVD
- type: graph.cell
  target: CellFeatureGraph
  params:
    cell_feature_channel: feature.cell
- type: misc
  target: SetConfig
  params:
    config_dict:
      label_channel: cell_type
",0.6775000095367432
2,f15e263b-6544-46cb-a46e-e33ab7ce8347,"step2:https://wandb.ai/xzy11632/dance-dev/sweeps/5myhddto|step3:https://wandb.ai/xzy11632/dance-dev/sweeps/sy7is0by,https://wandb.ai/xzy11632/dance-dev/sweeps/hhagx1i4,https://wandb.ai/xzy11632/dance-dev/sweeps/3xb10het","- type: filter.gene
  target: FilterGenesPercentile
  params: {}
- type: normalize
  target: Log1P
  params: {}
- type: filter.gene
  target: FilterGenesTopK
  params:
    num_genes: 3000
- type: feature.cell
  params:
    out: feature.cell
    log_level: INFO
    split_name: train
  target: WeightedFeaturePCA
- type: graph.cell
  target: CellFeatureGraph
  params:
    cell_feature_channel: feature.cell
- type: misc
  target: SetConfig
  params:
    config_dict:
      label_channel: cell_type
",0.3880000114440918
3,f7995301-7551-4e1d-8396-ffe3c9497ace,"step2:https://wandb.ai/xzy11632/dance-dev/sweeps/on56q36a|step3:https://wandb.ai/xzy11632/dance-dev/sweeps/1z4xejov,https://wandb.ai/xzy11632/dance-dev/sweeps/dmtgt30u,https://wandb.ai/xzy11632/dance-dev/sweeps/jra56t1o","- type: filter.gene
  target: FilterGenesScanpyOrder
  params:
    order:
    - min_counts
    - min_cells
    - max_counts
    - max_cells
    min_counts: 0.01
    max_counts: 0.99
    min_cells: 0.01
    max_cells: 0.99
- type: normalize
  target: ColumnSumNormalize
  params: {}
- type: filter.gene
  target: HighlyVariableGenesRawCount
  params:
    n_top_genes: 3000
- type: feature.cell
  params:
    out: feature.cell
    log_level: INFO
    split_name: train
  target: WeightedFeatureSVD
- type: graph.cell
  target: CellFeatureGraph
  params:
    cell_feature_channel: feature.cell
- type: misc
  target: SetConfig
  params:
    config_dict:
      label_channel: cell_type
",1.0
4,e6a11140-2545-46bc-929e-da243eed2cae,"step2:https://wandb.ai/xzy11632/dance-dev/sweeps/c2luijzg|step3:https://wandb.ai/xzy11632/dance-dev/sweeps/ohzu189d,https://wandb.ai/xzy11632/dance-dev/sweeps/xk206l8b,https://wandb.ai/xzy11632/dance-dev/sweeps/j5aozig6","- type: filter.gene
  target: FilterGenesScanpyOrder
  params:
    order:
    - min_counts
    - min_cells
    - max_counts
    - max_cells
    min_counts: 0.01
    max_counts: 0.99
    min_cells: 0.01
    max_cells: 0.99
- type: normalize
  target: ColumnSumNormalize
  params: {}
- type: filter.gene
  target: HighlyVariableGenesRawCount
  params:
    n_top_genes: 3000
- type: feature.cell
  params:
    out: feature.cell
    log_level: INFO
    split_name: train
  target: WeightedFeatureSVD
- type: graph.cell
  target: CellFeatureGraph
  params:
    cell_feature_channel: feature.cell
- type: misc
  target: SetConfig
  params:
    config_dict:
      label_channel: cell_type
",0.6290000081062317
5,1062c0f2-2a44-4cf9-a7c8-b5ed58b4728d,"step2:https://wandb.ai/xzy11632/dance-dev/sweeps/6dw5iyg7|step3:https://wandb.ai/xzy11632/dance-dev/sweeps/06k4gi1t,https://wandb.ai/xzy11632/dance-dev/sweeps/le8r1zi4,https://wandb.ai/xzy11632/dance-dev/sweeps/ocpspe17","- type: filter.gene
  target: FilterGenesScanpyOrder
  params:
    order:
    - min_counts
    - min_cells
    - max_counts
    - max_cells
    min_counts: 0.01
    max_counts: 0.99
    min_cells: 0.01
    max_cells: 0.99
- type: normalize
  target: ColumnSumNormalize
  params: {}
- type: filter.gene
  target: HighlyVariableGenesRawCount
  params:
    n_top_genes: 3000
- type: feature.cell
  params:
    out: feature.cell
    log_level: INFO
    split_name: train
  target: WeightedFeatureSVD
- type: graph.cell
  target: CellFeatureGraph
  params:
    cell_feature_channel: feature.cell
- type: misc
  target: SetConfig
  params:
    config_dict:
      label_channel: cell_type
",1.0
6,1c739a3e-c3f5-49d5-98e0-73975e751201,"step2:https://wandb.ai/xzy11632/dance-dev/sweeps/pe7wrxhx|step3:https://wandb.ai/xzy11632/dance-dev/sweeps/bjghjlj5,https://wandb.ai/xzy11632/dance-dev/sweeps/wahyq279,https://wandb.ai/xzy11632/dance-dev/sweeps/33b4rte8","- type: filter.gene
  target: FilterGenesPlaceHolder
- type: normalize
  target: ColumnSumNormalize
  params:
    mode: normalize
    eps: 0.7
- type: filter.gene
  target: HighlyVariableGenesRawCount
  params:
    n_top_genes: 2560
    span: 0.1528448051259105
- type: feature.cell
  target: WeightedFeaturePCA
  params:
    out: feature.cell
    log_level: INFO
    n_components: 479
    feat_norm_mode: l2
- type: graph.cell
  target: CellFeatureGraph
  params:
    cell_feature_channel: feature.cell
- type: misc
  target: SetConfig
  params:
    config_dict:
      label_channel: cell_type
",0.3375000059604645
7,1252c5fb-945f-42d6-b1a8-8a3bd864384b,"step2:https://wandb.ai/xzy11632/dance-dev/sweeps/sno8i9gr|step3:https://wandb.ai/xzy11632/dance-dev/sweeps/emiq1b6f,https://wandb.ai/xzy11632/dance-dev/sweeps/gsm0u3kf,https://wandb.ai/xzy11632/dance-dev/sweeps/ciumcc4l","- type: filter.gene
  target: FilterGenesScanpyOrder
  params:
    order:
    - min_counts
    - min_cells
    - max_counts
    - max_cells
    min_counts: 0.01
    max_counts: 0.99
    min_cells: 0.01
    max_cells: 0.99
- type: normalize
  target: ColumnSumNormalize
  params: {}
- type: filter.gene
  target: HighlyVariableGenesRawCount
  params:
    n_top_genes: 3000
- type: feature.cell
  params:
    out: feature.cell
    log_level: INFO
    split_name: train
  target: WeightedFeatureSVD
- type: graph.cell
  target: CellFeatureGraph
  params:
    cell_feature_channel: feature.cell
- type: misc
  target: SetConfig
  params:
    config_dict:
      label_channel: cell_type
",1.0
8,a68b64d8-aee3-4947-81b7-36b8fe5a44d2,"step2:https://wandb.ai/xzy11632/dance-dev/sweeps/9nsespwt|step3:https://wandb.ai/xzy11632/dance-dev/sweeps/aoitjmqc,https://wandb.ai/xzy11632/dance-dev/sweeps/kb41mxss,https://wandb.ai/xzy11632/dance-dev/sweeps/r78wyk91","- type: filter.gene
  target: FilterGenesPercentile
  params:
    min_val: 1
    max_val: 97
    mode: cv
- type: normalize
  target: Log1P
  params:
    base: 5.271660176060239
- type: filter.gene
  target: HighlyVariableGenesLogarithmizedByMeanAndDisp
  params:
    min_disp: 0.2565035258422307
    max_disp: 97.19348766895712
    min_mean: 0.00995046983963732
    max_mean: 6.245590900286152
    n_bins: 13
    flavor: cell_ranger
- type: feature.cell
  target: WeightedFeatureSVD
  params:
    out: feature.cell
    log_level: INFO
    n_components: 649
    feat_norm_mode: null
- type: graph.cell
  target: CellFeatureGraph
  params:
    cell_feature_channel: feature.cell
- type: misc
  target: SetConfig
  params:
    config_dict:
      label_channel: cell_type
",0.640500009059906
9,d567b692-c374-4628-a508-8008f6778f22,"step2:https://wandb.ai/xzy11632/dance-dev/sweeps/6j8pm34t|step3:https://wandb.ai/xzy11632/dance-dev/sweeps/qx2374ds,https://wandb.ai/xzy11632/dance-dev/sweeps/o4kcwds1,https://wandb.ai/xzy11632/dance-dev/sweeps/xo5xdpan","- type: filter.gene
  target: FilterGenesPercentile
  params: {}
- type: normalize
  target: ColumnSumNormalize
  params: {}
- type: filter.gene
  target: FilterGenesTopK
  params:
    num_genes: 3000
- type: feature.cell
  params:
    out: feature.cell
    log_level: INFO
    split_name: train
  target: WeightedFeatureSVD
- type: graph.cell
  target: CellFeatureGraph
  params:
    cell_feature_channel: feature.cell
- type: misc
  target: SetConfig
  params:
    config_dict:
      label_channel: cell_type
",0.29249998927116394
10,65badd7a-9262-4fd1-9ce2-eb5dc0ca8039,"step2:https://wandb.ai/xzy11632/dance-dev/sweeps/s66g7ypd|step3:https://wandb.ai/xzy11632/dance-dev/sweeps/kuznrzx4,https://wandb.ai/xzy11632/dance-dev/sweeps/t9vtfezo,https://wandb.ai/xzy11632/dance-dev/sweeps/adq7j7mn","- type: filter.gene
  target: FilterGenesPlaceHolder
- type: normalize
  target: Log1P
  params:
    base: 7.954575208692654
- type: filter.gene
  target: FilterGenesTopK
  params:
    num_genes: 1124
    top: false
    mode: sum
- type: feature.cell
  target: WeightedFeatureSVD
  params:
    out: feature.cell
    log_level: INFO
    n_components: 224
    feat_norm_mode: l2
- type: graph.cell
  target: CellFeatureGraph
  params:
    cell_feature_channel: feature.cell
- type: misc
  target: SetConfig
  params:
    config_dict:
      label_channel: cell_type
",0.35499998927116394
11,f7c1c579-2dc0-47e2-ba19-8165c5a0e353,"step2:https://wandb.ai/xzy11632/dance-dev/sweeps/j4vz4ws5|step3:https://wandb.ai/xzy11632/dance-dev/sweeps/tecc0rt6,https://wandb.ai/xzy11632/dance-dev/sweeps/jtni6g54,https://wandb.ai/xzy11632/dance-dev/sweeps/uu6v00z6","- type: filter.gene
  target: FilterGenesPercentile
  params:
    min_val: 9
    max_val: 95
    mode: rv
- type: normalize
  target: Log1P
  params:
    base: 6.969521165170953
- type: filter.gene
  target: FilterGenesRegression
  params:
    method: enclasc
    num_genes: 2223
- type: feature.cell
  target: WeightedFeaturePCA
  params:
    out: feature.cell
    log_level: INFO
    n_components: 167
    feat_norm_mode: null
- type: graph.cell
  target: CellFeatureGraph
  params:
    cell_feature_channel: feature.cell
- type: misc
  target: SetConfig
  params:
    config_dict:
      label_channel: cell_type
",0.6460000276565552
12,c5d88abe-f23a-45fa-a534-788985e93dad(Heart),"step2:https://wandb.ai/xzy11632/dance-dev/sweeps/n20e9pvs|step3:https://wandb.ai/xzy11632/dance-dev/sweeps/ahwfxqzw,https://wandb.ai/xzy11632/dance-dev/sweeps/kxkron6u,https://wandb.ai/xzy11632/dance-dev/sweeps/87hdz0un","- type: filter.gene
  target: FilterGenesScanpyOrder
  params:
    order:
    - min_counts
    - min_cells
    - max_counts
    - max_cells
    min_counts: 0.01
    max_counts: 0.99
    min_cells: 0.01
    max_cells: 0.99
- type: normalize
  target: ColumnSumNormalize
  params: {}
- type: filter.gene
  target: HighlyVariableGenesRawCount
  params:
    n_top_genes: 3000
- type: feature.cell
  params:
    out: feature.cell
    log_level: INFO
    split_name: train
  target: WeightedFeatureSVD
- type: graph.cell
  target: CellFeatureGraph
  params:
    cell_feature_channel: feature.cell
- type: misc
  target: SetConfig
  params:
    config_dict:
      label_channel: cell_type
",0.8317757248878479
13,83b5e943-a1d5-4164-b3f2-f7a37f01b524,"step2:https://wandb.ai/xzy11632/dance-dev/sweeps/ozba1990|step3:https://wandb.ai/xzy11632/dance-dev/sweeps/338v3aw4,https://wandb.ai/xzy11632/dance-dev/sweeps/ptrrovoq,https://wandb.ai/xzy11632/dance-dev/sweeps/uln7yltc","- type: filter.gene
  target: FilterGenesScanpyOrder
  params:
    order:
    - min_counts
    - min_cells
    - max_counts
    - max_cells
    min_counts: 0.01
    max_counts: 0.99
    min_cells: 0.01
    max_cells: 0.99
- type: normalize
  target: ColumnSumNormalize
  params: {}
- type: filter.gene
  target: HighlyVariableGenesRawCount
  params:
    n_top_genes: 3000
- type: feature.cell
  params:
    out: feature.cell
    log_level: INFO
    split_name: train
  target: WeightedFeatureSVD
- type: graph.cell
  target: CellFeatureGraph
  params:
    cell_feature_channel: feature.cell
- type: misc
  target: SetConfig
  params:
    config_dict:
      label_channel: cell_type
",1.0
14,bdf69f8d-5a96-4d6f-a9f5-9ee0e33597b7,"step2:https://wandb.ai/xzy11632/dance-dev/sweeps/frisdu4r|step3:https://wandb.ai/xzy11632/dance-dev/sweeps/q0fywjox,https://wandb.ai/xzy11632/dance-dev/sweeps/dz23lu62,https://wandb.ai/xzy11632/dance-dev/sweeps/g0d29txd","- type: filter.gene
  target: FilterGenesScanpyOrder
  params:
    order:
    - min_counts
    - min_cells
    - max_counts
    - max_cells
    min_counts: 0.01
    max_counts: 0.99
    min_cells: 0.01
    max_cells: 0.99
- type: normalize
  target: ColumnSumNormalize
  params: {}
- type: filter.gene
  target: HighlyVariableGenesRawCount
  params:
    n_top_genes: 3000
- type: feature.cell
  params:
    out: feature.cell
    log_level: INFO
    split_name: train
  target: WeightedFeatureSVD
- type: graph.cell
  target: CellFeatureGraph
  params:
    cell_feature_channel: feature.cell
- type: misc
  target: SetConfig
  params:
    config_dict:
      label_channel: cell_type
",1.0
15,1009f384-b12d-448e-ba9f-1b7d2ecfbb4e,"step2:https://wandb.ai/xzy11632/dance-dev/sweeps/amviyxfs|step3:https://wandb.ai/xzy11632/dance-dev/sweeps/ix2rrweg,https://wandb.ai/xzy11632/dance-dev/sweeps/xapwqo4n,https://wandb.ai/xzy11632/dance-dev/sweeps/f4x92sq0","- type: filter.gene
  target: FilterGenesScanpyOrder
  params:
    order:
    - min_counts
    - min_cells
    - max_counts
    - max_cells
    min_counts: 0.01
    max_counts: 0.99
    min_cells: 0.01
    max_cells: 0.99
- type: normalize
  target: ColumnSumNormalize
  params: {}
- type: filter.gene
  target: HighlyVariableGenesRawCount
  params:
    n_top_genes: 3000
- type: feature.cell
  params:
    out: feature.cell
    log_level: INFO
    split_name: train
  target: WeightedFeatureSVD
- type: graph.cell
  target: CellFeatureGraph
  params:
    cell_feature_channel: feature.cell
- type: misc
  target: SetConfig
  params:
    config_dict:
      label_channel: cell_type
",1.0
16,9434b020-de42-43eb-bcc4-542b2be69015,"step2:https://wandb.ai/xzy11632/dance-dev/sweeps/qfzblohn|step3:https://wandb.ai/xzy11632/dance-dev/sweeps/fs7r3zpn,https://wandb.ai/xzy11632/dance-dev/sweeps/cdk9uk18,https://wandb.ai/xzy11632/dance-dev/sweeps/0zjjl1n1","- type: filter.gene
  target: FilterGenesScanpyOrder
  params:
    order:
    - min_counts
    - min_cells
    - max_counts
    - max_cells
    min_counts: 0.01
    max_counts: 0.99
    min_cells: 0.01
    max_cells: 0.99
- type: normalize
  target: ColumnSumNormalize
  params: {}
- type: filter.gene
  target: HighlyVariableGenesRawCount
  params:
    n_top_genes: 3000
- type: feature.cell
  params:
    out: feature.cell
    log_level: INFO
    split_name: train
  target: WeightedFeatureSVD
- type: graph.cell
  target: CellFeatureGraph
  params:
    cell_feature_channel: feature.cell
- type: misc
  target: SetConfig
  params:
    config_dict:
      label_channel: cell_type
",0.9725000262260436
17,d4e69e01-3ba2-4d6b-a15d-e7048f78f22e,"step2:https://wandb.ai/xzy11632/dance-dev/sweeps/dtijolpo|step3:https://wandb.ai/xzy11632/dance-dev/sweeps/kq7ng1ob,https://wandb.ai/xzy11632/dance-dev/sweeps/ynfxrozp,https://wandb.ai/xzy11632/dance-dev/sweeps/z56oz4tj","- type: filter.gene
  target: FilterGenesScanpyOrder
  params:
    order:
    - max_cells
    - min_counts
    - max_counts
    - min_cells
    min_counts: 65
    min_cells: 0.03832924256867298
    max_counts: 0.984514560421666
    max_cells: 0.9614458802125864
- type: normalize
  target: ColumnSumNormalize
  params:
    mode: l2
    eps: 0.5
- type: filter.gene
  target: HighlyVariableGenesRawCount
  params:
    n_top_genes: 4223
    span: 0.5672352308267095
- type: feature.cell
  target: WeightedFeatureSVD
  params:
    out: feature.cell
    log_level: INFO
    n_components: 569
    feat_norm_mode: null
- type: graph.cell
  target: CellFeatureGraph
  params:
    cell_feature_channel: feature.cell
- type: misc
  target: SetConfig
  params:
    config_dict:
      label_channel: cell_type
",0.2565000057220459
18,4ed927e9-c099-49af-b8ce-a2652d069333,"step2:https://wandb.ai/xzy11632/dance-dev/sweeps/gl8a9d5v|step3:https://wandb.ai/xzy11632/dance-dev/sweeps/nrpkd1s1,https://wandb.ai/xzy11632/dance-dev/sweeps/i4ot3t4a,https://wandb.ai/xzy11632/dance-dev/sweeps/1off7yhe","- type: filter.gene
  target: FilterGenesPercentile
  params:
    min_val: 4
    max_val: 98
    mode: cv
- type: normalize
  target: ColumnSumNormalize
  params:
    mode: l2
    eps: 0.5
- type: filter.gene
  target: FilterGenesRegression
  params:
    method: enclasc
    num_genes: 6023
- type: feature.cell
  target: WeightedFeaturePCA
  params:
    out: feature.cell
    log_level: INFO
    n_components: 894
    feat_norm_mode: null
- type: graph.cell
  target: CellFeatureGraph
  params:
    cell_feature_channel: feature.cell
- type: misc
  target: SetConfig
  params:
    config_dict:
      label_channel: cell_type
",0.2824999988079071
19,ed852810-a003-4386-9846-1638362cee39,"step2:https://wandb.ai/xzy11632/dance-dev/sweeps/b47t3rbw|step3:https://wandb.ai/xzy11632/dance-dev/sweeps/xf8y2bet,https://wandb.ai/xzy11632/dance-dev/sweeps/60mja5m8,https://wandb.ai/xzy11632/dance-dev/sweeps/y27ceukr","- type: filter.gene
  target: FilterGenesScanpyOrder
  params:
    order:
    - min_counts
    - min_cells
    - max_counts
    - max_cells
    min_counts: 0.01
    max_counts: 0.99
    min_cells: 0.01
    max_cells: 0.99
- type: normalize
  target: Log1P
  params: {}
- type: filter.gene
  target: FilterGenesTopK
  params:
    num_genes: 3000
- type: feature.cell
  params:
    out: feature.cell
    log_level: INFO
    split_name: train
  target: WeightedFeatureSVD
- type: graph.cell
  target: CellFeatureGraph
  params:
    cell_feature_channel: feature.cell
- type: misc
  target: SetConfig
  params:
    config_dict:
      label_channel: cell_type
",0.3409999907016754
20,f75f2ff4-2884-4c2d-b375-70de37a34507,"step2:https://wandb.ai/xzy11632/dance-dev/sweeps/as6ivetf|step3:https://wandb.ai/xzy11632/dance-dev/sweeps/icsk75i5,https://wandb.ai/xzy11632/dance-dev/sweeps/vtlcraw8,https://wandb.ai/xzy11632/dance-dev/sweeps/qjov7ai7","- type: filter.gene
  target: FilterGenesScanpyOrder
  params:
    order:
    - min_counts
    - min_cells
    - max_counts
    - max_cells
    min_counts: 0.01
    max_counts: 0.99
    min_cells: 0.01
    max_cells: 0.99
- type: normalize
  target: ColumnSumNormalize
  params: {}
- type: filter.gene
  target: HighlyVariableGenesRawCount
  params:
    n_top_genes: 3000
- type: feature.cell
  params:
    out: feature.cell
    log_level: INFO
    split_name: train
  target: WeightedFeatureSVD
- type: graph.cell
  target: CellFeatureGraph
  params:
    cell_feature_channel: feature.cell
- type: misc
  target: SetConfig
  params:
    config_dict:
      label_channel: cell_type
",1.0
21,97a17473-e2b1-4f31-a544-44a60773e2dd,"step2:https://wandb.ai/xzy11632/dance-dev/sweeps/5n3rvy41|step3:https://wandb.ai/xzy11632/dance-dev/sweeps/863btck9,https://wandb.ai/xzy11632/dance-dev/sweeps/2eikroc1,https://wandb.ai/xzy11632/dance-dev/sweeps/ga9o1zyj","- type: filter.gene
  target: FilterGenesScanpyOrder
  params:
    order:
    - min_counts
    - min_cells
    - max_counts
    - max_cells
    min_counts: 0.01
    max_counts: 0.99
    min_cells: 0.01
    max_cells: 0.99
- type: normalize
  target: ColumnSumNormalize
  params: {}
- type: filter.gene
  target: HighlyVariableGenesRawCount
  params:
    n_top_genes: 3000
- type: feature.cell
  params:
    out: feature.cell
    log_level: INFO
    split_name: train
  target: WeightedFeatureSVD
- type: graph.cell
  target: CellFeatureGraph
  params:
    cell_feature_channel: feature.cell
- type: misc
  target: SetConfig
  params:
    config_dict:
      label_channel: cell_type
",1.0
