10X_PBMC,https://www.dropbox.com/s/pfunm27qzgfpj3u/10X_PBMC.h5?dl=1
human_lung_cell,https://dl.dropboxusercontent.com/scl/fi/6h4ewvj1n64mrppz56v7s/mouse_lung_cell.h5?rlkey=6snhzzkv6f7vmshkvne9leimu&dl=0
human_pbmc2_cell,https://dl.dropboxusercontent.com/scl/fi/c69gv5btxfvpcmkcqj4zx/human_pbmc_cell.h5?rlkey=jzi6u9qs2qf4nixr6a0n48mc0&dl=0
human_pbmc_cell,https://dl.dropboxusercontent.com/scl/fi/2by36reg6wjq6hxlytljx/human_ILCS_cell.h5?rlkey=mu4pz7quxspf9qgzx5wc4aaet&dl=0
human_skin_cell,https://dl.dropboxusercontent.com/scl/fi/5gd3kcz307r42s7u3di3q/human_skin_cell.h5?rlkey=2hat0jeze2cn2uqnu4p7g7yhw&dl=0
mouse_ES_cell,https://www.dropbox.com/s/zbuku7oznvji8jk/mouse_ES_cell.h5?dl=1
mouse_bladder_cell,https://www.dropbox.com/s/xxtnomx5zrifdwi/mouse_bladder_cell.h5?dl=1
mouse_kidney_10x,https://dl.dropboxusercontent.com/scl/fi/b9b4dr82hcdwxykv8e53f/mouse_kidney_10x.h5?rlkey=aniqqz731klpmekl82db7k2pu&dl=
mouse_kidney_cell,https://dl.dropboxusercontent.com/scl/fi/b9b4dr82hcdwxykv8e53f/mouse_kidney_10x.h5?rlkey=aniqqz731klpmekl82db7k2pu&dl=0
mouse_kidney_cl2,https://dl.dropboxusercontent.com/scl/fi/d0uh8qqw4q4f0748yq5db/mouse_kidney_drop.h5?rlkey=3onfglh6sv6q91c5e1ns5lc5h&dl=0
mouse_kidney_drop,https://dl.dropboxusercontent.com/scl/fi/d0uh8qqw4q4f0748yq5db/mouse_kidney_drop.h5?rlkey=3onfglh6sv6q91c5e1ns5lc5h&dl=0
worm_neuron_cell,https://www.dropbox.com/s/58fkgemi2gcnp2k/worm_neuron_cell.h5?dl=1
